Date,Description,Category,Cost,Currency,Friend A,You Me,Friend B,Friend C,Friend D

2025-12-07,scooty Kochi,General,3594.00,INR,2695.50,-898.50,-898.50,-898.50,0.00
2025-12-07,Munnar Stay,General,11877.00,INR,9501.60,-2375.40,-2375.40,-2375.40,-2375.40
2025-12-15,Munnar Trek,General,6000.00,INR,4500.00,-1500.00,-1500.00,-1500.00,0.00
2025-12-18,movie cab,Movies,300.00,INR,225.00,-75.00,-75.00,-75.00,0.00
2025-12-18,Popcorn(movie),Groceries,1120.00,INR,-280.00,-280.00,840.00,-280.00,0.00
2025-12-18,Movie ticket,Movies,524.00,INR,-131.00,-131.00,393.00,-131.00,0.00
2025-12-18,Dominos,Dining out,207.00,INR,-69.00,-69.00,138.00,0.00,0.00
2025-12-18,cab + snack,Groceries,436.00,INR,327.00,-109.00,-109.00,-109.00,0.00
2025-12-21,Kochi hotel,Hotel,2204.00,INR,-551.00,-551.00,1653.00,-551.00,0.00
2025-12-21,Munnar to kochi snacks,Groceries,420.00,INR,-105.00,-105.00,315.00,-105.00,0.00
2025-12-21,Kochi to munnar snacks,Groceries,440.00,INR,-110.00,-110.00,330.00,-110.00,0.00
2025-12-21,Door of heaven entry fee,Entertainment - Other,200.00,INR,-50.00,-50.00,150.00,-50.00,0.00
2025-12-21,Munnar expense,General,2325.00,INR,1743.75,-581.25,-581.25,-581.25,0.00
2025-12-23,Country Boat,General,4000.00,INR,3000.00,-1000.00,-1000.00,-1000.00,0.00
2025-12-23,Kochi Breakfast ,Dining out,204.00,INR,153.00,-51.00,-51.00,-51.00,0.00
2025-12-25,Varkala last day dinner,Dining out,2129.00,INR,-532.25,-532.25,1596.75,-532.25,0.00
2025-12-25,Varkala first day food,General,1652.00,INR,-413.00,-413.00,1239.00,-413.00,0.00
2025-12-25,Fort kochi snacks,Groceries,370.00,INR,-92.50,-92.50,277.50,-92.50,0.00
2025-12-25,Alleppy cafe,Dining out,880.00,INR,-220.00,-220.00,660.00,-220.00,0.00
2025-12-25,Varkala expense ,General,1527.00,INR,1145.25,-381.75,-381.75,-381.75,0.00
2025-12-26,Varkala Stay,General,12600.00,INR,-3150.00,-3150.00,-3150.00,9450.00,0.00
2025-12-26,Varkala scooty rent,Rent,2600.00,INR,-650.00,-650.00,-650.00,1950.00,0.00
2025-12-26,Munnar expense,General,2426.00,INR,-606.50,-606.50,-606.50,1819.50,0.00
2025-12-28,trivandrum onwards ,General,4199.00,INR,3149.25,-1049.75,-1049.75,-1049.75,0.00
2025-12-29,Parlour,General,1000.00,INR,0.00,0.00,500.00,-500.00,0.00
2025-12-29,Sonar bangla,General,806.00,INR,-201.50,-201.50,604.50,-201.50,0.00
2025-12-29,Ofufu cafe,Dining out,385.00,INR,-96.25,-96.25,288.75,-96.25,0.00
2026-01-05,Hotel Highland room service ,Rent,1009.00,INR,-252.25,-252.25,-252.25,756.75,0.00
2026-01-07,My group expenses ,Taxes,23440.40,INR,-5860.10,17580.30,-5860.10,-5860.10,0.00
2026-01-07,My Personal Expenses ,Electronics,2702.65,INR,0.00,0.00,0.00,0.00,0.00
2026-01-07,Friend C paid You M.,Payment,1300.00,INR,0.00,-1300.00,0.00,1300.00,0.00
2026-01-07,Friend B paid Friend A.,Payment,9555.00,INR,-9555.00,0.00,9555.00,0.00,0.00
2026-01-07,Other on road expenses,General,976.00,INR,-244.00,-244.00,-244.00,732.00,0.00
2026-01-07,Zostel alleppey,General,4457.00,INR,-1114.25,3342.75,-1114.25,-1114.25,0.00
2026-01-07,Pune (our) food expense,General,819.00,INR,-204.75,-204.75,614.25,-204.75,0.00
2026-01-07,Friend A's personal ,General,18300.00,INR,0.00,0.00,0.00,0.00,0.00

2026-09-27,Total balance, , ,INR,1952.00,3642.40,-744.00,-2475.00,-2375.40
